num,'genus species',x,y
1,'Genus sp1',3229628.144,3078197.708
2,'Genus sp1',3216986.364,2951192.309
3,'Genus sp1',3216038.331,2960749.322
4,'Genus sp2',3217265.071,2960874.379
5,'Genus sp2',3205745.731,2963059.801
6,'Genus sp2',3214891.41,2928147.063
7,'Genus sp2',3219317.279,2971029.526
8,'Genus sp2',3222862.015,2964370.214
10,'Genus sp2',3212458.146,2941450.158
11,'Genus sp2',3190927.597,2934733.879
13,'Genus sp1',3219062.392,2957000.395
14,'Genus sp2',3214927.972,2957598.276
17,'Genus sp2',3224316.252,2949812.85
18,'Genus sp2',3213747.029,2958541.561
19,'Genus sp3',3217002.785,2851990.43
20,'Genus sp3',3218154.45,2860837.224
21,'Genus sp3',3269737.444,2861722.441
22,'Genus sp3',3271211.081,2856803.277
27,'Genus sp1',3674506.462,2346302.09
32,'Genus sp4',3508293.759,2205062.899
33,'Genus sp2',3523328.817,2283708.702
34,'Genus sp2',3523458.292,2208871.474
35,'Genus sp2',3524561.355,2229936.613
36,'Genus sp2',3525733.138,2285682.192
38,'Genus sp2',3518610.278,2283207.832
39,'Genus sp3',3523628.836,2281900.096
40,'Genus sp2',3527155.402,2285608.841
42,'Genus sp2',3523328.772,2201927.977
43,'Genus sp3',3516010.914,2201544.528
45,'Genus sp4',3518978.909,2200562.809
47,'Genus sp3',3526275.942,2202700.182
51,'Genus sp2',3516577.816,2207202.714
52,'Genus sp2',3524430.085,2286931.125
53,'Genus sp2',3521141.742,2286008.379
54,'Genus sp4',3523918.218,2200378.103
55,'Genus sp3',3519116.975,2198589.788
56,'Genus sp2',3518619.124,2205617.171
61,'Genus sp3',3448948.667,2096729.067
62,'Genus sp3',3435630.374,2167379.695
63,'Genus sp2',3701073.878,2067642.445
64,'Genus sp5',3738299.071,2134690.221
67,'Genus sp3',3399302.77,2091881.723
68,'Genus sp1',3703011.061,2112487.047
69,'Genus sp2',3348498.96,2109001.603
75,'Genus sp2',3282984.599,2146228.769
78,'Genus sp3',3307852.031,2112888.668
80,'Genus sp2',3541744.796,2080101.838
81,'Genus sp2',3693807.508,2062672.34
83,'Genus sp2',3502990.109,2076107.639
85,'Genus sp2',3592219.937,2048978.321
91,'Genus sp2',3692848.359,1946458.744
92,'Genus sp6',3724498.523,1997992.472
93,'Genus sp6',3728074.566,2007559.748
94,'Genus sp7',3722882.903,1996018.249
95,'Genus sp7',3700955.253,2039871.525
96,'Genus sp2',3404947.383,2088150.415
98,'Genus sp6',3634106.161,2020075.733
99,'Genus sp2',3607492,2010520.485
103,'Genus sp8',3896355.268,1985669.819
109,'Genus sp9',3860105.804,1932518.081
111,'Genus sp10',3727333.9,2012165.212
112,'Genus sp3',3522931.453,2048712.927
113,'Genus sp3',3703018.719,2005968.15
117,'Genus sp2',3730325.639,1995214.703
118,'Genus sp3',3602484.141,2018688.018
119,'Genus sp3',3621173.38,2008643.105
126,'Genus sp3',3595520.106,2039944.653
128,'Genus sp2',3608883.648,2014341.061
129,'Genus sp8',3687787.377,2002608.802
132,'Genus sp6',3684722.515,2005598.513
134,'Genus sp1',3783987.181,1964001.296
135,'Genus sp10',3504899.949,2052753.225
137,'Genus sp7',3679649.801,2024276.781
139,'Genus sp4',3506585.809,2038566.636
141,'Genus sp6',3735190.164,1979521.991
147,'Genus sp8',3881987.429,1997072.76
151,'Genus sp3',3608325.103,1983411.313
152,'Genus sp10',3502546.091,2048610.834
153,'Genus sp6',3734127.591,1961745.897
154,'Genus sp2',3687056.725,1957609.81
155,'Genus sp4',3708959.604,1939052.958
158,'Genus sp3',3649693.216,1904350.65
159,'Genus sp6',3686458.332,1886009.175
160,'Genus sp9',3855924.843,1812563.947
161,'Genus sp4',3585209.976,1941450.077
162,'Genus sp6',3684425.566,1937229.155
163,'Genus sp1',3851024.065,1814172.873
164,'Genus sp1',3854208.166,1820894.056
167,'Genus sp6',3583348.527,1947479.248
168,'Genus sp10',3589035.907,1953826.337
170,'Genus sp1',3870450.646,1855052.312
171,'Genus sp6',3713913.092,1934887.444
173,'Genus sp1',3857106.291,1819103.41
174,'Genus sp7',3693271.595,1938101.8
176,'Genus sp11',3858681.528,1803900.475
179,'Genus sp9',3865211.354,1806867.807
180,'Genus sp9',3877824.687,1818138.625
181,'Genus sp9',3873105.347,1836307.459
182,'Genus sp9',3861272.273,1821775.978
183,'Genus sp8',3876144.065,1911673.589
186,'Genus sp7',3681818.771,1882973.233
188,'Genus sp9',3877204.668,1827422.235
190,'Genus sp9',3858596.938,1807176.552
191,'Genus sp1',3856437.94,1877957.527
192,'Genus sp1',3872455.41,1885391.726
197,'Genus sp8',3877846.222,1885627.432
198,'Genus sp11',3859531.469,1808924.757
199,'Genus sp7',3681556.034,1884526.61
200,'Genus sp9',3860465.444,1819753.845
203,'Genus sp6',3682214.728,1887637.004
204,'Genus sp7',3685112.092,1882006.541
205,'Genus sp9',3856329.78,1821713.867
206,'Genus sp9',3856105.449,1814465.866
207,'Genus sp9',3769943.781,1865393.041
208,'Genus sp9',3853273.939,1812601.016
209,'Genus sp9',3861903.648,1817035.853
210,'Genus sp9',3860173.156,1809645.645
211,'Genus sp8',3868714.79,1837927.902
212,'Genus sp8',3860620.621,1823189.973
213,'Genus sp8',3880411.049,1889314.403
214,'Genus sp8',3870057.633,1840931.078
215,'Genus sp11',3857779.24,1805586.727
217,'Genus sp11',3852920.766,1815723.456
218,'Genus sp9',3860021.131,1748877.548
224,'Genus sp10',3761201.402,1784915.358
226,'Genus sp10',3762472.334,1785265.884
227,'Genus sp9',3768235.093,1817875.38
228,'Genus sp9',3877149.277,1799116.687
229,'Genus sp9',3857910.569,1796157.922
230,'Genus sp1',3857716.638,1800276.34
231,'Genus sp3',3764602.341,1793484.089
232,'Genus sp3',3760082.698,1789925.787
236,'Genus sp9',3861023.37,1798819.841
247,'Genus sp9',3905375.821,1741045.151
248,'Genus sp9',3886047.186,1738250.488
249,'Genus sp9',3852663.812,1751012.149
250,'Genus sp3',3854598.388,1751520.399
251,'Genus sp3',3839693.109,1751118.489
252,'Genus sp3',3762505.663,1787614.092
253,'Genus sp1',3856693.385,1752729.225
254,'Genus sp1',3864469.381,1749541.444
255,'Genus sp12',3854281.863,1752664.177
262,'Genus sp3',3774664.388,1761682.436
267,'Genus sp3',3778395.449,1761767.542
271,'Genus sp10',3769921.204,1762866.965
272,'Genus sp10',3773209.731,1764966.295
273,'Genus sp5',3871774.228,1729076.497
274,'Genus sp1',3826116.573,1798046.974
284,'Genus sp9',3875437.176,1742942.405
285,'Genus sp9',3906056.755,1748342.059
287,'Genus sp3',3833105.942,1794765.919
288,'Genus sp3',3771861.685,1760946.72
307,'Genus sp10',3628612.307,1732111.665
310,'Genus sp13',3731928.662,1623498.297
313,'Genus sp14',3839937.496,1696904.713
314,'Genus sp11',3786822.189,1645247.66
316,'Genus sp13',3653328.716,1711721.553
317,'Genus sp13',3654261.92,1716119.646
318,'Genus sp13',3655397.491,1717544.872
319,'Genus sp13',3654948.344,1711678.991
320,'Genus sp13',3657023.658,1714816.593
321,'Genus sp10',3647235.073,1714762.645
324,'Genus sp11',3813338.446,1672475.894
325,'Genus sp13',3724548.955,1612654.37
326,'Genus sp11',3814899.554,1674418.275
333,'Genus sp13',3727532.724,1622034.848
334,'Genus sp13',3721281.22,1647663.998
335,'Genus sp13',3735759.618,1612767.999
336,'Genus sp14',3865382.508,1667468.76
337,'Genus sp1',3863585.409,1621157.32
338,'Genus sp1',3888242.183,1662794.84
339,'Genus sp1',3893312.94,1672969.403
348,'Genus sp11',3811770.63,1674540.728
350,'Genus sp13',3724587.192,1612123.407
351,'Genus sp13',3725360.17,1615503.683
352,'Genus sp10',3625725.626,1641126.827
353,'Genus sp14',3859754.208,1668134.275
354,'Genus sp1',3877941.136,1629483.825
355,'Genus sp11',3813596.591,1663343.33
356,'Genus sp1',3807070.497,1669888.692
357,'Genus sp10',3613941.846,1639031.229
358,'Genus sp14',3810856.143,1664836.54
360,'Genus sp11',3791424.367,1647994.504
361,'Genus sp15',3811478.569,1665183.637
362,'Genus sp7',3656408.058,1702297.586
364,'Genus sp15',3810093.053,1663300.674
383,'Genus sp13',3728988.388,1619398.803
388,'Genus sp8',3892407.103,1665829.512
395,'Genus sp13',3690555.67,1617716.422
398,'Genus sp13',3729921.196,1618498.087
399,'Genus sp13',3733869.916,1636092.023
400,'Genus sp13',3693117.393,1616599.332
401,'Genus sp13',3731308.89,1637307.489
402,'Genus sp13',3720321.817,1608067.676
403,'Genus sp13',3732293.698,1613655.126
404,'Genus sp13',3727241.574,1609462.964
405,'Genus sp13',3724328.674,1639007.558
406,'Genus sp13',3733514.018,1640236.495
407,'Genus sp13',3736442.418,1657047
408,'Genus sp13',3723874.086,1620011.831
409,'Genus sp13',3725478.052,1623478.375
410,'Genus sp13',3734896.449,1616547.925
411,'Genus sp9',3746974.175,1608672.509
414,'Genus sp3',3867746.455,1563722.286
416,'Genus sp9',3839486.604,1519720.333
418,'Genus sp5',3852991.327,1527277.122
419,'Genus sp10',3599695.632,1552622.004
425,'Genus sp14',3759198.893,1545278.775
426,'Genus sp10',3627895.887,1585180.697
427,'Genus sp10',3623568.334,1591802.459
428,'Genus sp10',3734081.936,1596070.331
429,'Genus sp5',3739183.844,1584446.202
430,'Genus sp5',3738160.255,1578108.899
431,'Genus sp16',3758822.693,1536474.958
432,'Genus sp10',3622212.627,1591391.119
437,'Genus sp10',3578800.345,1566603.528
438,'Genus sp10',3593214.442,1564631.533
439,'Genus sp11',3752912.814,1537234.18
440,'Genus sp16',3762053.613,1538405.375
441,'Genus sp16',3747272.19,1533907.707
442,'Genus sp16',3755515.987,1543378.652
453,'Genus sp16',3746970.512,1538938.745
460,'Genus sp5',3809967.713,1476584.057
462,'Genus sp15',3668993.11,1568860.696
463,'Genus sp11',3743087.086,1579127.563
473,'Genus sp12',3685947.451,1567692.795
476,'Genus sp16',3751301.005,1533608.447
477,'Genus sp16',3762552.877,1535973.713
478,'Genus sp15',3630066.147,1506654.86
480,'Genus sp16',3745474.494,1541674.003
482,'Genus sp10',3585172.407,1564592.321
483,'Genus sp10',3583580.172,1561402.287
485,'Genus sp10',3591066.23,1567481.91
486,'Genus sp10',3585105.765,1574641.005
506,'Genus sp10',3589863.752,1563191.544
507,'Genus sp9',3644212.224,1512567.981
508,'Genus sp9',3630154.794,1530063.334
509,'Genus sp9',3857888.175,1530191.361
510,'Genus sp9',3852997.265,1570763.857
511,'Genus sp9',3828191.41,1567401.584
513,'Genus sp9',3844059.641,1515325.737
548,'Genus sp16',3758742.998,1539528.464
549,'Genus sp16',3767400.844,1540259.594
551,'Genus sp16',3753756.503,1540052.398
552,'Genus sp16',3750363.103,1540473.907
554,'Genus sp16',3757953.119,1535372.891
555,'Genus sp15',3682457.421,1555605.734
556,'Genus sp15',3645111.652,1521855.064
557,'Genus sp15',3630765.792,1514640.587
558,'Genus sp15',3622653.929,1513005.256
559,'Genus sp15',3686958.656,1559155.201
560,'Genus sp15',3643110.855,1575745.955
561,'Genus sp15',3662733.984,1546853.985
588,'Genus sp11',3860105.347,1571664.657
589,'Genus sp14',3757791.927,1580902.88
594,'Genus sp16',3761184.25,1542055.061
596,'Genus sp16',3758999.049,1539490.967
597,'Genus sp16',3761976.05,1529278.08
598,'Genus sp10',3607895.422,1593794.425
599,'Genus sp10',3582141.749,1563724.026
600,'Genus sp10',3589099.243,1565543.414
601,'Genus sp10',3584787.252,1564191.235
603,'Genus sp5',3849732.682,1527749.808
606,'Genus sp16',3756464.464,1544450.815
607,'Genus sp16',3734182.75,1547071.205
609,'Genus sp5',3824207.939,1538605.095
610,'Genus sp16',3754608.217,1539522.694
611,'Genus sp9',3852215.337,1558263.168
612,'Genus sp9',3805577.079,1484451.983
613,'Genus sp9',3855198.482,1527949.112
614,'Genus sp9',3804841.869,1496998.141
615,'Genus sp9',3853225.33,1526351.232
616,'Genus sp10',3434493.786,1523683.457
617,'Genus sp3',3828445.494,1470676.888
618,'Genus sp1',3830182.052,1477683.693
622,'Genus sp12',3606745.137,1426111.49
623,'Genus sp15',3654195.993,1465360.577
624,'Genus sp15',3662713.783,1470375.227
632,'Genus sp10',3527746.371,1441794.476
634,'Genus sp10',3726031.712,1463931.725
635,'Genus sp10',3743519.441,1448885.903
636,'Genus sp10',3682587.656,1464045.942
637,'Genus sp10',3695519.484,1453610.944
639,'Genus sp1',3831204.61,1472958.036
646,'Genus sp10',3460276.443,1443124.173
659,'Genus sp10',3686313.09,1456603.945
660,'Genus sp10',3631042.665,1415412.614
661,'Genus sp10',3690064.635,1486201.661
683,'Genus sp9',3805940.444,1381723.894
696,'Genus sp10',3460726.758,1433684.275
697,'Genus sp10',3468228.68,1433628.709
698,'Genus sp10',3500471.216,1490022.981
699,'Genus sp10',3456020.293,1453829.647
700,'Genus sp10',3439087.304,1429428.637
701,'Genus sp10',3533450.83,1411047.195
702,'Genus sp10',3469103.381,1443559.889
703,'Genus sp10',3498318.942,1487496.932
704,'Genus sp10',3458015.467,1434171.404
706,'Genus sp10',3470344.901,1445265.951
707,'Genus sp10',3504458.073,1488719.808
735,'Genus sp16',3676868.682,1387141.874
736,'Genus sp15',3660127.685,1502820.275
737,'Genus sp15',3633797.197,1428364.441
738,'Genus sp15',3655073.256,1403520.464
739,'Genus sp15',3706422.467,1495235.061
768,'Genus sp10',3500975.303,1489803.144
771,'Genus sp10',3630924.997,1411767.304
780,'Genus sp10',3463908.925,1432072.015
781,'Genus sp10',3464026.509,1433110.153
782,'Genus sp10',3469837.492,1468449.836
783,'Genus sp10',3462546.791,1436992.25
784,'Genus sp10',3407453.953,1455282.703
787,'Genus sp9',3673093.941,1495037.573
789,'Genus sp1',3545200.71,1490006.512
791,'Genus sp10',3442770.611,1392401.258
792,'Genus sp10',3495621.16,1401675.317
801,'Genus sp15',3634918.971,1338386.547
802,'Genus sp1',3776561.637,1325219.616
804,'Genus sp9',3792425.953,1350071.115
805,'Genus sp9',3762544.244,1315403.477
807,'Genus sp1',3775107.08,1367511.175
810,'Genus sp10',3436829.988,1375716.705
814,'Genus sp15',3722190.113,1363309.644
815,'Genus sp10',3688604.897,1371519.464
816,'Genus sp10',3682983.891,1376521.245
821,'Genus sp10',3451791.976,1405609.102
823,'Genus sp10',3429352.59,1317327.569
824,'Genus sp10',3439948.657,1396066.423
859,'Genus sp10',3444386.905,1393746.312
863,'Genus sp10',3439521.172,1398761.488
865,'Genus sp10',3488968.637,1337518.329
866,'Genus sp10',3424858.984,1385794.28
867,'Genus sp10',3396600.954,1398405.888
868,'Genus sp10',3472289.957,1314941.923
869,'Genus sp10',3440962.386,1388475.925
870,'Genus sp10',3437596.263,1389582.863
873,'Genus sp10',3439547.801,1392242.709
874,'Genus sp10',3446878.645,1390148.318
875,'Genus sp10',3468354.125,1406215.521
876,'Genus sp10',3441674.275,1391717.541
877,'Genus sp10',3441949.146,1389342.232
878,'Genus sp10',3394647.314,1394141.299
879,'Genus sp10',3424008.047,1410415.446
880,'Genus sp10',3432943.483,1395014.837
895,'Genus sp9',3772422.947,1368116.46
897,'Genus sp9',3767569.024,1294567.926
898,'Genus sp9',3764056.449,1308129.657
915,'Genus sp14',3719846.119,1356568.07
917,'Genus sp10',3417942.405,1392891.674
922,'Genus sp10',3437903.663,1385516.779
923,'Genus sp10',3397640.894,1393841.937
924,'Genus sp10',3685983.406,1377007.498
925,'Genus sp10',3661062.444,1387879.653
926,'Genus sp10',3615923.09,1337347.703
927,'Genus sp10',3621688.333,1344873.688
929,'Genus sp10',3394270.032,1352084.449
930,'Genus sp17',1957145.443,1424097.107
932,'Genus sp9',3759734.087,1309782.696
956,'Genus sp10',3359987.501,1305783.859
957,'Genus sp9',3657916.786,1206763.628
964,'Genus sp1',3644458.05,1181974.626
965,'Genus sp1',3647986.126,1181083.667
966,'Genus sp1',3643526.714,1178931.628
983,'Genus sp10',3348398.222,1292272.502
984,'Genus sp10',3484196.858,1230156.062
985,'Genus sp9',3681718.617,1221760.563
986,'Genus sp1',3701698.956,1226228.216
987,'Genus sp12',3507008.3,1208036.041
988,'Genus sp12',3498248.862,1202594.224
992,'Genus sp12',3504280.895,1200036.026
994,'Genus sp10',3574784.419,1209404.667
999,'Genus sp5',3699147.568,1232396.983
1002,'Genus sp10',3343246.377,1275104.921
1003,'Genus sp10',3336491.575,1230465.243
1004,'Genus sp10',3505182.377,1203598.005
1005,'Genus sp10',3390799.243,1311534.293
1006,'Genus sp10',3495542.456,1264852.46
1007,'Genus sp10',3394687.955,1306176.45
1038,'Genus sp10',3502959.359,1261612.927
1039,'Genus sp10',3488255.556,1258365.78
1040,'Genus sp10',3504188.03,1264387.58
1041,'Genus sp10',3476394.339,1271846.017
1042,'Genus sp10',3345205.205,1223109.726
1084,'Genus sp9',3671813.642,1202306.95
1085,'Genus sp9',3671452.62,1202098.263
1086,'Genus sp9',3676659.661,1203638.201
1087,'Genus sp9',3670384.424,1202761.762
1088,'Genus sp9',3661629.883,1207183.408
1089,'Genus sp9',3676051.592,1212966.446
1090,'Genus sp9',3661490.443,1201618.091
1091,'Genus sp9',3656419.827,1204662.985
1092,'Genus sp5',3651442.593,1174773.059
1093,'Genus sp5',3647171.375,1208750.072
1094,'Genus sp5',3664733.699,1203229.444
1095,'Genus sp5',3633574.022,1184029.175
1096,'Genus sp5',3635391.491,1180926.94
1162,'Genus sp12',3505684.969,1206836.2
1163,'Genus sp18',2370751.65,1293413.309
1164,'Genus sp10',3332024.772,1228262.949
1166,'Genus sp17',1991688.077,1380621.676
1167,'Genus sp17',1977157.63,1371520.591
1168,'Genus sp17',2061748.118,1374297.364
1169,'Genus sp17',2038750.209,1365367.488
1170,'Genus sp17',1974297.435,1380737.942
1172,'Genus sp17',2071941.475,1308553.907
1173,'Genus sp17',2129831.135,1292156.42
1178,'Genus sp15',3569825.583,1105618.703
1179,'Genus sp17',2068097.203,1274078.427
1180,'Genus sp12',3495900.479,1116388.906
1181,'Genus sp12',3507674.75,1117491.241
1183,'Genus sp12',3523875.986,1105786.175
1184,'Genus sp15',3587790.172,1114566.234
1185,'Genus sp19',3585518.863,1092511.391
1201,'Genus sp20',3477669.122,1156368.413
1208,'Genus sp11',3587451.605,1069142.422
1209,'Genus sp11',3593709.408,1142947.967
1210,'Genus sp11',2442352.235,1191014.211
1211,'Genus sp11',3597290.712,1107500.434
1212,'Genus sp11',3571471.992,1103841.579
1213,'Genus sp11',3575844.166,1094311.339
1214,'Genus sp11',3587849.765,1085273.823
1215,'Genus sp11',3570641.629,1098689.948
1216,'Genus sp11',3589120.005,1090612.566
1217,'Genus sp11',3578036.118,1096975.538
1255,'Genus sp10',3562111.511,1085955.695
1268,'Genus sp5',3617108.263,1156744.21
1269,'Genus sp5',3576860.234,1093512.916
1271,'Genus sp21',2236530.525,1246090.04
1277,'Genus sp19',3581675.171,1075239.867
1281,'Genus sp1',3558515.523,1070652.753
1282,'Genus sp1',3556042.615,1077311.464
1283,'Genus sp1',3587105.525,1078853.229
1284,'Genus sp1',3570378.001,1088735.446
1289,'Genus sp12',3572493.257,1088575.233
1290,'Genus sp12',3507768.783,1113803.481
1291,'Genus sp12',3510701.154,1114465.817
1292,'Genus sp12',3527878.046,1133501.378
1293,'Genus sp12',3509029.09,1119459.561
1294,'Genus sp12',3566020.832,1086318.612
1295,'Genus sp12',3589222.508,1159889.028
1323,'Genus sp11',3571598.522,1111377.642
1363,'Genus sp11',3571570.569,1096850.269
1364,'Genus sp11',3600111.817,1133976.958
1365,'Genus sp11',3461734.509,1130611.003
1366,'Genus sp18',2177929.449,1230583.404
1382,'Genus sp15',3583583.513,1066381.297
1398,'Genus sp12',3505011.194,1120662.682
1399,'Genus sp12',3582576.621,1164768.198
1423,'Genus sp12',3545854.135,1180615.697
1425,'Genus sp19',3564266.076,1139873.137
1429,'Genus sp1',3537097.548,1115224.972
1441,'Genus sp12',3522369.871,1140573.525
1444,'Genus sp12',3499354.927,1125311.431
1453,'Genus sp12',3501886.949,1118211.74
1454,'Genus sp12',3508637.706,1135689.191
1457,'Genus sp10',3551320.61,1104966.948
1458,'Genus sp1',3579731.729,1090317.823
1459,'Genus sp11',3575462.572,1130332.321
1559,'Genus sp12',3565705.763,1140607.365
1560,'Genus sp12',3533997.261,1124740.08
1561,'Genus sp12',3535472.642,1114113.536
1562,'Genus sp12',3497355.712,1121620.66
1563,'Genus sp12',3511141.247,1110482.171
1564,'Genus sp12',3524673.845,1111028.515
1565,'Genus sp12',3527747.763,1101894.793
1566,'Genus sp12',3506085.533,1110869.885
1567,'Genus sp12',3516791.54,1130498.286
1568,'Genus sp12',3547338.369,1178765.311
1569,'Genus sp21',3562153.269,1089187.93
1584,'Genus sp21',2432480.277,1181058.191
1585,'Genus sp21',2456092.803,1224222.862
1648,'Genus sp20',3461141.766,1092491.563
1649,'Genus sp10',3399022.075,1198232.405
1650,'Genus sp10',3310626.648,1195299.587
1879,'Genus sp5',3572845.419,1090477.106
1880,'Genus sp5',3621632.265,1169787.668
1881,'Genus sp5',3632082.224,1162612.287
1882,'Genus sp5',3611607.09,1122326.35
1883,'Genus sp5',3553482.723,1082751.82
1884,'Genus sp5',3615080.343,1160586.574
1885,'Genus sp5',3569954.93,1094618.296
1887,'Genus sp5',3573344.503,1068401.445
1888,'Genus sp5',3573649.023,1074591.65
1889,'Genus sp5',3574805.305,1076201.827
1890,'Genus sp5',3568120.002,1074335.426
1891,'Genus sp5',3643157.188,1169685.035
1893,'Genus sp5',3579108.933,1081461.411
1894,'Genus sp5',3616844.723,1155369.176
1895,'Genus sp5',3619683.815,1159786.183
1896,'Genus sp5',3626635.088,1151115.201
1897,'Genus sp5',3624007.257,1146051.017
1899,'Genus sp5',3621465.05,1170921.901
1900,'Genus sp5',3617808.053,1155574.09
1952,'Genus sp19',3601711.097,1132361.882
1953,'Genus sp19',3571029.97,1130367.858
1954,'Genus sp19',3592508.646,1154987.188
1955,'Genus sp19',3587839.132,1128744.78
1956,'Genus sp19',3603403.568,1124232.849
1957,'Genus sp19',3599024.676,1134998.479
1958,'Genus sp19',3600002.646,1134402.342
1959,'Genus sp19',3607326.463,1133433.576
1960,'Genus sp19',3572362.145,1140402.806
1961,'Genus sp19',3586306.456,1130460.562
1962,'Genus sp19',3581877.736,1090253.206
1963,'Genus sp19',3603147.424,1128142.588
1964,'Genus sp19',3589656.115,1117623.487
1965,'Genus sp19',3598221.267,1121288.416
1966,'Genus sp19',3588573.997,1116248.894
1968,'Genus sp19',3606278.426,1128173.53
2059,'Genus sp11',3588343.508,1083517.083
2060,'Genus sp11',3585239.083,1087883.021
2061,'Genus sp11',3595181.015,1102808.252
2062,'Genus sp11',3578400.507,1102350.765
2063,'Genus sp11',3589402.002,1090882.655
2064,'Genus sp11',3578170.896,1076529.387
2102,'Genus sp5',3587673.51,1079598.558
2126,'Genus sp19',3602791.224,1119069.738
2127,'Genus sp19',3575099.256,1169829.868
2132,'Genus sp11',3576591.004,1129637.438
2136,'Genus sp18',2424958.181,1182866.797
2137,'Genus sp18',2424870.535,1192057.253
2138,'Genus sp18',2159847.502,1228117.146
2139,'Genus sp18',2064873.837,1269168.092
2140,'Genus sp18',2473716.481,1246139.459
2141,'Genus sp18',2173388.068,1182158.677
2142,'Genus sp18',2179787.014,1234916.873
2143,'Genus sp18',2064736.384,1267058.934
2144,'Genus sp18',2165111.618,1201486.655
2146,'Genus sp22',2458534.108,1171178.333
2147,'Genus sp22',2457864.601,1174192.013
2148,'Genus sp22',2460649.598,1169571.874
2149,'Genus sp22',2450403.001,1180382.959
2150,'Genus sp22',2463656.458,1175713.993
2151,'Genus sp22',2467271.944,1172640.885
2152,'Genus sp22',2455112.952,1173734.167
2153,'Genus sp22',2456492.692,1166858.898
2154,'Genus sp22',2463154.621,1173611.939
2155,'Genus sp22',2457317.426,1173947.748
2156,'Genus sp22',2457883.906,1171492.553
2157,'Genus sp22',2460992.06,1172150.889
2158,'Genus sp22',2459486.162,1168467.327
2162,'Genus sp12',3501418.651,1117473.25
2163,'Genus sp10',3576609.61,1082438.267
2164,'Genus sp1',3546867.572,1110652.39
2165,'Genus sp17',2062974.518,1265899.738
2170,'Genus sp17',2063355.424,1268662.903
2171,'Genus sp17',2065805.757,1268053.179
2175,'Genus sp17',2061924.799,1271014.406
2177,'Genus sp17',2202220.844,1249117.036
2178,'Genus sp17',2066955.436,1265308.152
2179,'Genus sp17',2061319.915,1273055.777
2180,'Genus sp22',2460474.949,1176173.24
2181,'Genus sp19',3587807.535,1122243.329
2183,'Genus sp12',3516476.893,1124990.492
2184,'Genus sp10',3346128.821,1184470.842
2186,'Genus sp30',3587448.222,1107948.15
2194,'Genus sp15',3506999.96,1006773.739
2196,'Genus sp11',3499806.349,1008071.735
2209,'Genus sp11',3505882.813,1024262.663
2210,'Genus sp11',2432106.932,1072162.783
2211,'Genus sp11',2432655.049,1054931.646
2231,'Genus sp15',3502803.756,1037872.28
2232,'Genus sp15',3518537.876,1014510.463
2233,'Genus sp10',3446909.14,1005286.217
2234,'Genus sp10',3458323.977,991303.6719
2235,'Genus sp10',3303273.913,1099993.193
2237,'Genus sp10',3442595.09,990526.5316
2238,'Genus sp10',3452679.067,1047179.648
2239,'Genus sp10',3451466.148,1049598.611
2240,'Genus sp10',3433095.215,1013921.326
2241,'Genus sp10',3375133.126,1063175.005
2248,'Genus sp21',2443719.278,1057132.561
2259,'Genus sp12',3457643.538,989677.5003
2260,'Genus sp12',3458173.689,996966.5496
2263,'Genus sp15',3557503.945,1060651.365
2300,'Genus sp11',2433059.678,1075333.978
2326,'Genus sp15',3486515.429,1001632.425
2327,'Genus sp10',3438146.878,997890.2753
2329,'Genus sp21',2170086.751,1121166.259
2330,'Genus sp21',2173773.514,1107174.162
2372,'Genus sp10',3362549.166,1059498.749
2373,'Genus sp10',3375544.632,1049625.692
2377,'Genus sp10',3441973.812,1067272.718
2390,'Genus sp10',3382706.869,1035469.212
2391,'Genus sp15',3574610.223,1051230.397
2423,'Genus sp21',2431554.16,1056389.033
2424,'Genus sp21',2437155.353,1071228.932
2425,'Genus sp21',2445670.723,1070927.515
2426,'Genus sp21',2451935.9,1082807.434
2427,'Genus sp21',2442328.045,1102853.453
2428,'Genus sp21',2429828.419,1063195.894
2429,'Genus sp21',2441002.15,1069875.945
2430,'Genus sp21',2450849.191,1091433.539
2432,'Genus sp21',2448759.224,1059709.01
2433,'Genus sp21',2432773.488,1067000.674
2434,'Genus sp21',2443388.92,1065272.484
2435,'Genus sp21',2437625.525,1079959.124
2436,'Genus sp21',2435361.601,1078232.284
2437,'Genus sp21',2443068.552,1063027.259
2438,'Genus sp21',2433638.509,1069588.153
2439,'Genus sp21',2441148.158,1070282.978
2440,'Genus sp21',2438284.27,1065666.182
2441,'Genus sp21',2456807.336,1082904.866
2442,'Genus sp21',2437382.543,1066556.278
2443,'Genus sp21',2433719.579,1074490.559
2444,'Genus sp21',2451401.703,1080619.894
2449,'Genus sp21',2458708.94,1109343.001
2451,'Genus sp21',2458266.472,1112465.449
2452,'Genus sp21',2396081.511,1133875.839
2453,'Genus sp21',2457204.619,1111597.224
2454,'Genus sp21',2170625.599,1121209.729
2456,'Genus sp21',2174514.964,1139393.856
2458,'Genus sp21',2180671.629,1121034.028
2459,'Genus sp21',2176954.238,1117917.351
2460,'Genus sp21',2151923.779,1114081.964
2461,'Genus sp21',2154463.755,1108639.316
2462,'Genus sp21',2170529.739,1119123.674
2463,'Genus sp21',2157788.345,1119456.015
2464,'Genus sp21',2173891.938,1126230.346
2465,'Genus sp21',2160323.789,1111378.274
2466,'Genus sp21',2169202.513,1121764.71
2467,'Genus sp21',2165656.908,1118177.565
2469,'Genus sp21',2159625.544,1120326.191
2470,'Genus sp21',2176764.988,1125003.617
2471,'Genus sp21',2172043.659,1123586.915
2472,'Genus sp21',2169313.585,1122997.378
2473,'Genus sp21',2165580.339,1110906.369
2474,'Genus sp21',2139991.341,1080810.19
2475,'Genus sp21',2457300.171,1090689.477
2476,'Genus sp21',2426402.734,1067902.907
2477,'Genus sp21',2445663.864,1074250.323
2478,'Genus sp21',2457973.3,1125398.233
2479,'Genus sp21',2433074.233,1057488.932
2631,'Genus sp20',3464023.759,1073065.188
2633,'Genus sp15',3480641.57,1063784.176
2634,'Genus sp20',3465498.568,1078241.357
2635,'Genus sp20',3463129.645,1072670.782
2699,'Genus sp5',3520937.828,970240.3102
2708,'Genus sp19',3567821.267,1065402.07
2709,'Genus sp19',3512599.915,986188.8776
2710,'Genus sp19',3506825.355,975609.261
2712,'Genus sp19',3503549.873,975396.9606
2830,'Genus sp11',2441292.13,1078533.315
2831,'Genus sp11',2430839.585,1060590.615
2832,'Genus sp11',2441922.253,1079114.755
2833,'Genus sp11',2442925.237,1061043.335
2834,'Genus sp11',2445687.253,1068935.339
2835,'Genus sp11',2432393.501,1068738.093
2836,'Genus sp11',2449979.6,1066097.633
2837,'Genus sp11',2441825.113,1069952.994
2838,'Genus sp11',2433536.968,1062566.167
2839,'Genus sp11',2434320.697,1061808.583
2841,'Genus sp11',2435922.901,1055297.473
2842,'Genus sp11',2438918.138,1060729.335
2843,'Genus sp11',2432632.198,1059983.378
2844,'Genus sp11',2427727.098,1060326.518
2845,'Genus sp11',2424961.964,1066970.943
2846,'Genus sp11',2432673.604,1059729.09
2847,'Genus sp11',2438728.927,1066563.945
2848,'Genus sp11',2443485.495,1066861.406
2849,'Genus sp11',2424066.988,1061105.862
2850,'Genus sp11',2430867.488,1057733.579
2851,'Genus sp11',2434599.774,1058887.865
2852,'Genus sp11',2432079.821,1056714.704
2853,'Genus sp11',2436109.776,1058136.561
2854,'Genus sp11',2436718.753,1067406.113
2855,'Genus sp11',2429358.951,1066842.84
2856,'Genus sp11',2442508.632,1079391.298
2857,'Genus sp11',2447128.151,1078361.72
2858,'Genus sp11',2428637.014,1064524.213
2859,'Genus sp11',2436854.408,1057420.044
2860,'Genus sp11',2437444.876,1068494.283
2861,'Genus sp11',2446364.283,1072557.36
2862,'Genus sp11',2434421.184,1057368.348
2863,'Genus sp11',2434553.366,1069144.75
2864,'Genus sp11',2433072.818,1077856.358
2865,'Genus sp11',2430428.269,1065617.162
2866,'Genus sp11',2453245.38,1059848.608
2867,'Genus sp11',2437099.362,1075997.851
2868,'Genus sp11',2443922.05,1072775.041
2869,'Genus sp11',2433782.541,1056895.957
2870,'Genus sp11',2435551.625,1054607.575
2871,'Genus sp11',2430826.202,1062605.158
2872,'Genus sp11',2436650.214,1057194.215
2873,'Genus sp11',2419104.898,1068881.4
2874,'Genus sp11',2439396.874,1076727.903
2875,'Genus sp11',2429378.596,1061681.587
2876,'Genus sp11',2431474.333,1058631.913
2877,'Genus sp11',2435615.13,1058007.287
2878,'Genus sp11',2427612.983,1063556.889
2879,'Genus sp11',2427219.017,1062574.801
2880,'Genus sp11',2433836.003,1064426.369
2881,'Genus sp11',2435681.653,1058693.813
2882,'Genus sp11',2433709.692,1061642.369
2883,'Genus sp11',2429719.353,1059215.519
2884,'Genus sp11',2433289.214,1063904.603
2886,'Genus sp11',2434585.319,1065362.904
2887,'Genus sp11',2469843.789,1108598.017
2888,'Genus sp11',2436866.532,1056635.204
2889,'Genus sp11',2435597.099,1056432.518
2890,'Genus sp11',2435784.708,1064254.7
2891,'Genus sp11',2437085.787,1055162.559
2892,'Genus sp11',2437215.401,1059384.283
2893,'Genus sp11',2519195.508,1051731.3
2894,'Genus sp11',2429026.742,1065625.082
2895,'Genus sp11',2438309.622,1070065.041
2896,'Genus sp11',2433441.168,1072344.204
2897,'Genus sp11',2438578.657,1070391.04
2898,'Genus sp11',2434025.518,1057990.244
2899,'Genus sp11',2440475.92,1063352.124
2900,'Genus sp11',2433814.482,1063392.218
2901,'Genus sp11',2435415.592,1055345.183
2902,'Genus sp11',2430024.403,1056016.326
2903,'Genus sp11',2433170.335,1062465.443
2904,'Genus sp11',2442907.355,1077424.007
2905,'Genus sp11',2436209.087,1070212.57
2906,'Genus sp11',2433985.503,1056229.537
2907,'Genus sp11',2432355.577,1058263.659
2908,'Genus sp11',2439872.543,1079256.928
2909,'Genus sp11',2434283.474,1065735.704
2910,'Genus sp11',2437142.064,1066744.455
2933,'Genus sp21',2175960.911,1088238.567
2934,'Genus sp21',2447478.114,1066701.849
2935,'Genus sp21',2458702.782,1084368.692
2936,'Genus sp21',2419300.829,1065040.026
2950,'Genus sp11',2434232.179,1059824.091
2951,'Genus sp11',2429827.062,1063927.074
2952,'Genus sp11',2431007.459,1070276.193
2978,'Genus sp12',3493273.8,1077513.749
3047,'Genus sp19',3499659.949,966041.3883
3059,'Genus sp18',2456648.384,1098738.576
3060,'Genus sp18',2166768.755,1164331.624
3062,'Genus sp21',2162410.349,1114870.518
3063,'Genus sp22',2462434.993,1163333.958
3064,'Genus sp22',2457257.002,1166757.311
3065,'Genus sp22',2462851.95,1163240.088
3066,'Genus sp22',2463181.97,1164343.222
3067,'Genus sp22',2460550.585,1170848.501
3068,'Genus sp22',2461731.885,1170233.532
3072,'Genus sp12',3512655.921,1070048.363
3076,'Genus sp12',3460052.406,1015718.24
3077,'Genus sp11',3566685.737,1054113.459
3078,'Genus sp11',2449506.391,1069626.993
3079,'Genus sp15',3486039.887,1005327.122
3085,'Genus sp15',3521911.674,1064484.253
3086,'Genus sp9',3484327.987,1005403.623
3094,'Genus sp11',2305342.345,995999.0701
3099,'Genus sp18',2327558.581,1045353.818
3110,'Genus sp10',3380998.558,900059.2946
3111,'Genus sp10',3378650.014,901872.5379
3114,'Genus sp11',3480482.842,908129.7951
3133,'Genus sp20',3433720.24,925853.311
3134,'Genus sp20',3344098.659,901691.7176
3135,'Genus sp20',3346597.983,903303.1685
3136,'Genus sp20',3453983.654,932134.1274
3138,'Genus sp15',3477084.08,916188.341
3139,'Genus sp11',3426726.183,877487.2272
3150,'Genus sp11',2299396.063,968336.5968
3151,'Genus sp11',2301637.425,970206.8605
3152,'Genus sp11',2408179.184,1015572.157
3153,'Genus sp11',3443856.253,915630.7471
3154,'Genus sp18',2467781.146,1037941.875
3155,'Genus sp18',2296050.866,956537.2199
3156,'Genus sp18',2535944.033,957630.9969
3157,'Genus sp18',2535888.447,953827.8202
3158,'Genus sp18',2700123.362,953503.3506
3161,'Genus sp18',2480565.216,1047057.888
3176,'Genus sp21',2324095.846,971151.6652
3177,'Genus sp21',2323069.636,974133.2623
3189,'Genus sp15',3536045.548,964800.7011
3190,'Genus sp10',3381154.768,939143.1174
3192,'Genus sp10',3444433.174,936017.2554
3193,'Genus sp10',3438786.184,962767.7857
3194,'Genus sp10',3377149.749,944371.208
3195,'Genus sp10',3384034.323,943584.4425
3197,'Genus sp10',3386008.687,941504.6966
3198,'Genus sp10',3388648.336,938417.873
3199,'Genus sp10',3400484.628,922768.6449
3200,'Genus sp10',3381000.626,945263.2428
3201,'Genus sp10',3425946.165,940785.4627
3202,'Genus sp10',3383783.05,944766.9156
3203,'Genus sp10',3443615.443,944276.4045
3204,'Genus sp10',3387945.03,947703.0204
3205,'Genus sp10',3382336.237,947580.9392
3208,'Genus sp21',2423615.101,1024254.654
3209,'Genus sp21',2434059.599,1022539.395
3258,'Genus sp1',3470236.869,904844.3773
3259,'Genus sp1',3449075.402,913529.1435
3260,'Genus sp1',3476819.525,916347.1126
3261,'Genus sp19',3520239.609,945153.3111
3262,'Genus sp12',2391599.493,993192.7348
3263,'Genus sp12',3448282.887,866085.5113
3265,'Genus sp12',3436113.205,920097.0477
3266,'Genus sp12',3430502.866,920460.0216
3315,'Genus sp19',3520757.799,956500.9853
3324,'Genus sp11',2432457.134,1048144.334
3325,'Genus sp11',2429424.846,1058836.006
3326,'Genus sp12',3456459.766,924138.431
3328,'Genus sp11',3492967.914,962978.2538
3330,'Genus sp11',3517004.048,943464.9816
3334,'Genus sp11',3526997.013,959097.8911
3335,'Genus sp12',3442829.24,868193.8048
3346,'Genus sp11',3520056.931,941626.7902
3347,'Genus sp18',2290189.856,959254.3824
3361,'Genus sp20',3359147.628,898422.8785
3364,'Genus sp11',3519442.91,949327.3201
3365,'Genus sp18',2466473.288,1031999.407
3366,'Genus sp18',2530177.89,958207.5068
3379,'Genus sp15',3493195.694,965449.4583
3389,'Genus sp1',3483493.025,903796.7111
3390,'Genus sp1',3487534.083,910669.0037
3391,'Genus sp1',3457441.36,902807.926
3393,'Genus sp19',3516705.086,950148.9441
3394,'Genus sp19',3514319.093,956989.1316
3395,'Genus sp12',2393517.718,989582.3573
3421,'Genus sp15',3511958.955,949597.602
3423,'Genus sp10',3486296.418,952838.1772
3426,'Genus sp19',3513163.423,944191.0366
3427,'Genus sp21',2329571.597,975941.9106
3428,'Genus sp15',3519774.954,946924.2794
3429,'Genus sp19',3526386.733,954954.5792
3437,'Genus sp10',3385534.26,936255.2737
3462,'Genus sp12',3434360.484,866402.8467
3464,'Genus sp10',3438499.19,962568.3914
3465,'Genus sp10',3452020.162,948516.1907
3466,'Genus sp10',3441859.085,942457.4371
3467,'Genus sp10',3380942.338,944612.2072
3468,'Genus sp10',3382242.488,942478.5565
3472,'Genus sp11',3451110.981,909560.3162
3502,'Genus sp12',2271281.849,978429.1271
3503,'Genus sp12',2265671.338,950034.8852
3504,'Genus sp12',2256858.472,966233.025
3505,'Genus sp12',2265741.186,972049.3526
3506,'Genus sp12',2260912.019,978416.4089
3507,'Genus sp12',2249866.412,984524.4837
3508,'Genus sp12',2339662.441,990888.2054
3509,'Genus sp12',2323424.45,970093.831
3510,'Genus sp12',2290015.087,950254.6322
3511,'Genus sp12',2251895.064,984381.894
3512,'Genus sp12',2262030.863,957629.697
3513,'Genus sp12',2396636.44,983630.5031
3514,'Genus sp12',2413379.7,993130.8738
3515,'Genus sp12',2386990.415,990845.0353
3516,'Genus sp12',2417129.945,994975.5355
3517,'Genus sp12',2395563.743,995400.0135
3518,'Genus sp12',2395711.931,1011706.039
3519,'Genus sp12',2384303.016,991433.7046
3520,'Genus sp12',2389963.628,997238.9718
3521,'Genus sp12',2415216.305,990670.6195
3522,'Genus sp12',2390442.239,995471.7322
3523,'Genus sp12',3458674.23,895953.0771
3524,'Genus sp12',3460816.719,893869.3164
3526,'Genus sp21',2415558.192,1028220.446
3527,'Genus sp21',2410450.625,995892.5038
3528,'Genus sp21',2438399.312,1040646.103
3529,'Genus sp21',2428072.717,1048762.744
3530,'Genus sp21',2440308.666,1010008.082
3531,'Genus sp21',2437172.913,992078.42
3532,'Genus sp21',2401279.838,985264.8804
3533,'Genus sp21',2438556.489,1014684.069
3534,'Genus sp21',2430680.322,1018572.254
3535,'Genus sp21',2443757.207,1014283.294
3536,'Genus sp21',2395684.748,996657.1908
3537,'Genus sp21',2433180.252,1019736.624
3538,'Genus sp21',2429941.41,1054772.872
3542,'Genus sp21',2432890.486,1012340.503
3543,'Genus sp21',2420659.654,1056331.833
3544,'Genus sp21',2395205.232,992766.1701
3545,'Genus sp21',2436479.784,1052251.298
3546,'Genus sp21',2439026.727,1053204.189
3547,'Genus sp21',2445578.999,1023381.003
3548,'Genus sp21',2413553.582,987010.6485
3549,'Genus sp21',2426327.099,1018454.935
3550,'Genus sp21',2407923.873,987418.5499
3551,'Genus sp21',2389657.751,992782.283
3552,'Genus sp21',2430199.65,1016278.931
3553,'Genus sp21',2410662.475,993300.1951
3554,'Genus sp21',2437835.944,1050811.03
3555,'Genus sp21',2424655.041,1056319.125
3556,'Genus sp21',2425313.796,1052673.005
3557,'Genus sp21',2439365.952,1021279.558
3558,'Genus sp21',2430350.243,1060441.292
3559,'Genus sp21',2423491.327,1052865.729
3560,'Genus sp21',2429704.778,1055741.33
3561,'Genus sp21',2423912.239,1059549.79
3562,'Genus sp21',2427294.827,1052930.627
3563,'Genus sp21',2431238.364,1055483.627
3564,'Genus sp21',2430869.095,1052119.194
3565,'Genus sp21',2430310.498,1052279.344
3566,'Genus sp21',2398562.866,989513.6898
3567,'Genus sp21',2422181.813,1028153.321
3568,'Genus sp21',2415513.211,990828.6807
3569,'Genus sp21',2438537.628,1006739.027
3570,'Genus sp21',2430653.854,1053690.235
3571,'Genus sp21',2432715.342,1059849.066
3572,'Genus sp21',2417478.034,1026455.43
3573,'Genus sp21',2424796.283,1025279.252
3574,'Genus sp21',2444906.073,1048044.334
3578,'Genus sp21',2441502.333,1056197.23
3580,'Genus sp21',2418328.453,992722.6186
3581,'Genus sp21',2415105.225,989853.093
3582,'Genus sp21',2418524.366,988063.6412
3583,'Genus sp21',2428466.751,1039085.799
3584,'Genus sp21',2434173.776,1017672.157
3585,'Genus sp21',2439047.684,1015566.189
3586,'Genus sp21',2428911.476,1016592.309
3769,'Genus sp20',3436301.127,916400.9018
3770,'Genus sp20',3451688.02,932159.4966
3771,'Genus sp20',3448392.466,926767.2743
3772,'Genus sp20',3431225.582,929730.2881
3773,'Genus sp20',3476447.416,953566.4891
3774,'Genus sp20',3303681.14,899339.8964
3775,'Genus sp20',3436125.969,915559.9068
3776,'Genus sp20',3439064.655,912479.9155
3777,'Genus sp20',3436774.315,920995.8742
3778,'Genus sp20',3443995.309,932345.2783
3779,'Genus sp20',3439507.953,909912.4525
3780,'Genus sp20',3288680.389,930642.5573
3805,'Genus sp19',3525643.794,961440.0177
3806,'Genus sp19',3518093.984,954684.19
3807,'Genus sp19',3520675.775,959580.4332
3808,'Genus sp19',3513068.047,944747.3073
3809,'Genus sp19',3511617.69,947077.5804
3810,'Genus sp19',3478134.261,934061.0551
3811,'Genus sp19',3487101.645,948501.4537
3813,'Genus sp19',3516819.967,954658.6233
4029,'Genus sp21',2325612.308,973715.561
4030,'Genus sp21',2329124.91,970451.8014
4032,'Genus sp21',2323919.629,977742.0162
4085,'Genus sp11',2405053.576,1011571.21
4086,'Genus sp11',2435338.66,1020759.98
4087,'Genus sp11',2426145.056,1012236.934
4088,'Genus sp11',2426041.497,1026548.11
4089,'Genus sp11',2432406.912,1046933.075
4090,'Genus sp11',2546444.239,957673.9842
4091,'Genus sp11',2429188.084,1060256.91
4092,'Genus sp11',2392683.664,995731.3394
4093,'Genus sp11',2430136.447,1061504.258
4094,'Genus sp11',2433400.595,1031198.072
4095,'Genus sp11',2428277.631,1023224.304
4096,'Genus sp11',2431998.799,1027657.131
4097,'Genus sp11',2435546.964,1024342.047
4098,'Genus sp11',2428442.673,1022430.903
4099,'Genus sp11',2433526.373,1029431.002
4100,'Genus sp11',2376618.421,987493.8834
4101,'Genus sp11',2429219.029,1060009.605
4102,'Genus sp11',2417860.049,991320.2548
4103,'Genus sp11',2401330.508,987127.3587
4104,'Genus sp11',2422699.752,1019081.788
4105,'Genus sp11',2417276.666,1029321.93
4106,'Genus sp11',2430808.89,1061968.803
4107,'Genus sp11',2432261.285,1055720.09
4109,'Genus sp11',2424364.174,1055507.388
4110,'Genus sp11',2409343.972,1015789.343
4111,'Genus sp11',2387788.423,990630.844
4113,'Genus sp11',2437065.641,1053792.685
4114,'Genus sp11',2437317.082,1051370.114
4115,'Genus sp11',2406756.362,1017135.059
4116,'Genus sp11',2424077.882,1001791.974
4117,'Genus sp11',2436943.213,1049228.612
4118,'Genus sp11',2415982.567,1007640.101
4119,'Genus sp11',2426480.444,1051201.135
4120,'Genus sp11',2428578.718,1060871.007
4121,'Genus sp11',2420900.823,1033571.092
4122,'Genus sp11',2438849.548,1060033.855
4123,'Genus sp11',2433465.292,1053776.711
4124,'Genus sp11',2408863.23,1014145.564
4125,'Genus sp11',2439828.25,1054885.884
4126,'Genus sp11',2432971.677,1049930.886
4127,'Genus sp11',2440966.158,1056299.906
4128,'Genus sp11',2431718.889,1061183.456
4129,'Genus sp11',2434850.909,1058619.157
4130,'Genus sp11',2427429.995,1016738.44
4131,'Genus sp11',2435935.958,1056057.251
4132,'Genus sp11',2384476.801,982021.9015
4133,'Genus sp11',2410665.718,1012129.069
4134,'Genus sp11',2431654.678,1029105.007
4135,'Genus sp11',2376143.755,995367.9011
4136,'Genus sp11',2488257.328,1036338.859
4138,'Genus sp11',2418046.913,1019625.112
4139,'Genus sp11',2427655.446,1059823.035
4140,'Genus sp11',2431046.549,1053693.243
4141,'Genus sp11',2399365.154,988722.6277
4142,'Genus sp11',2280698.018,980226.3454
4143,'Genus sp11',3480308.695,900331.2637
4145,'Genus sp11',2429465.566,1053804.386
4146,'Genus sp11',2431402.403,1037092.935
4147,'Genus sp11',2427181.649,1053003.059
4148,'Genus sp11',2436847.978,1058967.855
4149,'Genus sp11',2429733.707,1055385.6
4150,'Genus sp11',2435526.704,1056208.538
4152,'Genus sp11',2433132.249,1060026.237
4153,'Genus sp11',2428499.726,1061210.497
4154,'Genus sp11',2384848.126,991077.5507
4155,'Genus sp11',2419715.392,1023981.798
4156,'Genus sp11',2409753.712,1012937.649
4157,'Genus sp11',2392860.223,993209.9755
4158,'Genus sp11',2372379.967,969509.5568
4159,'Genus sp11',2373031.906,971985.9522
4160,'Genus sp11',2373332.345,963603.0051
4161,'Genus sp11',2342278.902,976526.6506
4162,'Genus sp11',2301337.397,976917.498
4163,'Genus sp11',2248349.917,962450.351
4164,'Genus sp11',2243258.895,966810.5503
4165,'Genus sp11',2436125.16,1052157.616
4166,'Genus sp11',2442873.172,1054451.631
4167,'Genus sp11',2445096.773,1049423.094
4168,'Genus sp11',2430127.781,1061524.616
4169,'Genus sp11',2375947.184,995050.6969
4170,'Genus sp11',2288539.572,981186.4229
4171,'Genus sp11',2270042.535,988434.6149
4172,'Genus sp11',2277726.724,987203.5491
4173,'Genus sp11',2248518.605,958521.9058
4174,'Genus sp11',2239571.067,976617.0619
4175,'Genus sp11',2367165.994,971485.739
4176,'Genus sp11',2312539.776,974808.0326
4177,'Genus sp11',2255211.32,991670.7787
4178,'Genus sp11',2248740.302,993856.1553
4179,'Genus sp11',2254188.635,965297.2076
4180,'Genus sp11',2282444.38,985679.506
4181,'Genus sp11',2263040.767,973427.4038
4182,'Genus sp11',2248715.69,958698.4881
4183,'Genus sp11',2255653.56,976786.8794
4184,'Genus sp11',2241955.73,956470.0756
4209,'Genus sp12',2368759.792,967860.4764
4210,'Genus sp12',2246140.351,961747.1281
4211,'Genus sp12',2392472.874,993791.2356
4212,'Genus sp12',2384062.987,988555.8625
4214,'Genus sp12',2269861.434,966555.911
4217,'Genus sp21',2422724.455,1033331.75
4218,'Genus sp21',2424725.891,1053475.054
4219,'Genus sp21',2445939.899,1053204.2
4250,'Genus sp11',2423063.073,1060270.24
4251,'Genus sp11',2434943.491,1050700.262
4252,'Genus sp11',2437563.466,1053074.906
4253,'Genus sp11',2434536.773,1026540.748
4254,'Genus sp11',2309922.317,979248.5994
4255,'Genus sp11',2264476.14,948918.103
4256,'Genus sp11',2312393.771,975161.5086
4258,'Genus sp11',2270131.854,955332.2934
4259,'Genus sp11',2434308.957,1058609.77
4260,'Genus sp11',2312115.09,995158.731
4261,'Genus sp11',2428866,1046662.726
4262,'Genus sp11',2418914.697,1024974.467
4263,'Genus sp11',2428804.585,1052017.86
4294,'Genus sp21',2441165.458,1044669.914
4467,'Genus sp18',2423350.28,1000858.023
4476,'Genus sp10',3441830.902,971007.8671
4483,'Genus sp11',2312229.704,968287.1283
4484,'Genus sp18',2530777.847,993974.7308
4525,'Genus sp18',2466221.059,1038235.857
4526,'Genus sp18',2527803.432,992315.4209
4527,'Genus sp18',2446099.336,1015930.941
4528,'Genus sp18',2440087.523,1004869.161
4529,'Genus sp18',2479545.003,1038434.408
4530,'Genus sp18',2479013.948,1041590.043
4531,'Genus sp18',2475705.835,1042182.726
4532,'Genus sp18',2483476.641,1038216.007
4535,'Genus sp18',2470527.603,1031433.678
4536,'Genus sp18',2330791.995,1052723.413
4537,'Genus sp18',2328300.553,1045119.564
4538,'Genus sp18',2334366.503,1043381.596
4539,'Genus sp18',2374001.716,990743.2348
4540,'Genus sp17',2294527.651,981774.9107
4541,'Genus sp17',2286471.451,986625.6694
4542,'Genus sp18',2410687.992,989938.7721
4543,'Genus sp18',2469049.722,1036514.55
4544,'Genus sp18',2330398.442,1048238.619
4545,'Genus sp18',2240363.057,980310.0145
4546,'Genus sp18',2259007.09,1051472.103
4547,'Genus sp18',2456856.97,1008574.757
4549,'Genus sp18',2470695.93,1030952.754
4550,'Genus sp18',2376971.221,995562.2018
4551,'Genus sp18',2286104.632,949303.2017
4553,'Genus sp18',2432040.837,1001207.803
4554,'Genus sp18',2472965.157,1048000.947
4555,'Genus sp18',2478385.729,1038195.489
4556,'Genus sp18',2281246.128,950977.143
4557,'Genus sp18',2531468.517,989037.3698
4558,'Genus sp18',2292774.092,951985.9313
4559,'Genus sp18',2291831.55,951516.6266
4560,'Genus sp18',2286071.024,958680.0788
4561,'Genus sp18',2527148.909,992293.3528
4562,'Genus sp18',2532312.57,954402.8414
4563,'Genus sp18',2472013.508,1038710.72
4564,'Genus sp18',2471828.45,1032423.499
4565,'Genus sp18',2292483.862,948884.8543
4566,'Genus sp21',2291821.738,983098.7745
4567,'Genus sp21',2324193.676,977820.3766
4568,'Genus sp21',2328895.09,973512.7772
4569,'Genus sp21',2334404.355,977520.674
4570,'Genus sp21',2326011.576,973881.2005
4571,'Genus sp21',2323413.245,964219.2235
4573,'Genus sp21',2435282.232,1014377.471
4574,'Genus sp18',2293503.548,950309.0139
4575,'Genus sp1',3450683.024,908859.0068
4576,'Genus sp21',2332196.667,968822.047
4577,'Genus sp21',2436187.372,1022252.693
4578,'Genus sp21',2325328.318,962222.4593
4579,'Genus sp30',2428398.757,1008907.068
4581,'Genus sp10',3387921.472,949708.187
4584,'Genus sp12',3437323.491,866223.624
4585,'Genus sp1',3456404.651,879901.9641
4591,'Genus sp10',3385570.586,941832.9164
4601,'Genus sp15',3435814.351,867957.3327
4612,'Genus sp11',2416510.694,1027670.438
4613,'Genus sp11',2433623.173,1058096.569
4614,'Genus sp11',2407636.84,1006753.986
4615,'Genus sp11',2252966.008,956372.297
4616,'Genus sp11',2309876.026,966869.6873
4617,'Genus sp11',2306620.345,996015.002
4618,'Genus sp11',3450297.028,909542.9958
4619,'Genus sp21',2328723.29,970356.5846
4621,'Genus sp12',3441204.089,870728.9916
4625,'Genus sp21',2434613.322,1020395.8
4626,'Genus sp10',3442303.692,967716.1331
4627,'Genus sp21',3436828.073,963120.6149
4630,'Genus sp10',3453272.827,956185.415
4631,'Genus sp10',3453530.893,962699.7916
4634,'Genus sp21',2548633.27,935660.7446
4635,'Genus sp21',2553565.855,940478.9875
4637,'Genus sp18',2551152.683,937952.2285
4649,'Genus sp23',3147509.88,821669.3882
4650,'Genus sp23',3135665.21,852149.9089
4730,'Genus sp24',3243010.257,872017.2811
4731,'Genus sp24',3207622.379,881545.8853
4732,'Genus sp24',3084682.755,804678.9363
4733,'Genus sp24',3090193.409,802766.799
4734,'Genus sp24',3047107.324,808882.1688
4735,'Genus sp24',3052931.4,808824.8068
4736,'Genus sp24',3045559.914,814230.5006
4737,'Genus sp24',3046579.726,806850.1116
4738,'Genus sp24',3049213.591,807882.0054
4739,'Genus sp24',3049346.48,806118.5098
4740,'Genus sp24',3059860.351,814310.4673
4749,'Genus sp20',3405000.489,858576.0615
4755,'Genus sp25',3140321.818,884397.2611
4756,'Genus sp11',3453588.766,841929.4977
4757,'Genus sp18',2576489.545,900871.6031
4786,'Genus sp24',3109266.676,813169.7297
4787,'Genus sp26',3396828.993,833317.2784
4789,'Genus sp25',3096650.813,870695.7299
4790,'Genus sp25',3144801.854,877664.3809
4801,'Genus sp1',3426580.126,764429.8463
4802,'Genus sp12',2705453.148,849247.9054
4835,'Genus sp25',3248624.852,883958.2382
4842,'Genus sp20',3381590.497,791936.3121
4843,'Genus sp20',3405352.926,863831.9419
4844,'Genus sp20',3400568.82,827729.0434
4845,'Genus sp11',3420843.834,768891.6139
4853,'Genus sp25',3091590.343,863978.9559
4857,'Genus sp15',3385557.413,760824.9696
4858,'Genus sp15',3414875.303,765544.5593
4859,'Genus sp15',3417244.166,755409.0051
4860,'Genus sp25',3103461.818,860761.5608
4861,'Genus sp25',3096465.965,872767.1656
4862,'Genus sp25',3098999.82,868727.0329
4863,'Genus sp1',3427997.31,766918.3066
4864,'Genus sp1',3382101.711,766058.8101
4870,'Genus sp11',3458426.435,853634.6167
4871,'Genus sp15',3445024.886,852986.9165
4872,'Genus sp11',3451904.93,849757.047
4873,'Genus sp1',3450077.575,853555.572
4876,'Genus sp15',3446252.728,853326.867
4883,'Genus sp20',3379532.769,830741.4576
4884,'Genus sp15',3384111.689,766205.4627
4906,'Genus sp12',2703796.311,848734.199
4907,'Genus sp21',2655530.086,882244.6694
4908,'Genus sp21',2623114.205,902845.1841
4909,'Genus sp21',2622933.313,910386.6884
4910,'Genus sp21',2596943.338,912794.0024
4911,'Genus sp21',2616460.261,902882.4439
4913,'Genus sp21',2612644.449,911598.6627
4914,'Genus sp21',2597329.35,923391.8328
4915,'Genus sp21',2592652.855,919750.2078
4916,'Genus sp21',2617711.464,905837.5644
4917,'Genus sp21',2568038.914,832672.2674
4918,'Genus sp21',2587835.897,890033.2258
4919,'Genus sp21',2614247.455,899335.4523
4934,'Genus sp27',3403977.473,762946.103
4937,'Genus sp20',3402263.098,870615.3474
4938,'Genus sp20',3400776.621,865578.8941
4946,'Genus sp24',3051934.49,814855.1576
4947,'Genus sp24',3047761.339,813977.4718
4948,'Genus sp24',3045634.553,808611.6211
4949,'Genus sp24',3053807.547,815536.1465
4950,'Genus sp26',3396592.73,832074.205
4988,'Genus sp21',2615162.212,904580.9299
4989,'Genus sp21',2611969.465,901239.1563
4990,'Genus sp21',2613264.797,904400.3318
5005,'Genus sp15',3359602.198,781375.1907
5007,'Genus sp24',3051914.9,806763.8996
5027,'Genus sp20',3395216.781,825352.8869
5043,'Genus sp18',2289430.767,947703.5777
5044,'Genus sp18',2277274.771,954919.3591
5045,'Genus sp18',2505066.646,938425.3101
5046,'Genus sp18',2621970.712,861010.0382
5047,'Genus sp21',2655981.205,868153.3433
5048,'Genus sp18',2291723.239,951391.1852
5049,'Genus sp18',2291497.311,951470.6976
5050,'Genus sp18',2278120.86,951820.6927
5051,'Genus sp18',2294854.526,948409.902
5052,'Genus sp18',2613328.459,903652.5381
5053,'Genus sp18',2588561.921,870126.4231
5054,'Genus sp21',2610224.327,898590.8794
5055,'Genus sp27',2757645.186,827136.6061
5056,'Genus sp27',3404251.367,756084.1058
5057,'Genus sp27',3403844.163,761756.1888
5061,'Genus sp15',3451488.232,848811.8127
5062,'Genus sp12',3079164.048,802849.2543
5075,'Genus sp25',3140874.834,878158.5355
5076,'Genus sp11',3425418.989,802937.9393
5077,'Genus sp12',2751426.605,829468.7685
5079,'Genus sp1',3429500.666,775644.348
5082,'Genus sp21',3428077.705,775253.399
5083,'Genus sp21',2718891.217,815725.5368
5085,'Genus sp20',3253655.662,763108.2626
5098,'Genus sp27',2773554.781,784541.5746
5155,'Genus sp23',2868931.14,718993.5256
5156,'Genus sp23',2875366.954,721563.1141
5157,'Genus sp23',3038099.951,715478.6162
5158,'Genus sp23',2854947.782,738403.6788
5159,'Genus sp23',2881435.745,738369.5288
5160,'Genus sp23',2875078.576,742422.7812
5161,'Genus sp23',2875997.608,744859.4141
5162,'Genus sp23',2873897.184,750847.3708
5163,'Genus sp23',2935614.151,741300.7471
5164,'Genus sp23',2945965.49,743566.0794
5165,'Genus sp23',2935787.608,745802.6937
5166,'Genus sp23',2937590.79,750405.1227
5167,'Genus sp23',2942262.776,749318.6674
5168,'Genus sp23',2986728.273,758409.6606
5169,'Genus sp23',2935544.239,761538.6165
5170,'Genus sp23',2830983.54,777225.0031
5171,'Genus sp23',2832017.609,778653.2718
5173,'Genus sp23',2990714.592,693136.4452
5174,'Genus sp23',2995475.065,695892.1898
5175,'Genus sp23',2992162.707,687139.0038
5176,'Genus sp23',2995902.376,696092.4469
5177,'Genus sp23',3045332.14,683249.9416
5178,'Genus sp23',3037071.083,684859.34
5179,'Genus sp23',3037812.353,690604.2264
5180,'Genus sp23',3112559.849,684993.4748
5181,'Genus sp23',3003347.205,690777.2539
5182,'Genus sp23',3032773.006,684061.3519
5183,'Genus sp23',3099150.092,685376.5832
5184,'Genus sp23',3099031.194,685725.5413
5185,'Genus sp23',3011010.291,693657.4582
5186,'Genus sp23',3016488.448,694774.0175
5187,'Genus sp23',3017184.775,690840.0101
5188,'Genus sp23',2996328.796,699936.3334
5189,'Genus sp23',3012543.975,698586.7709
5190,'Genus sp23',3037326.354,697673.2483
5191,'Genus sp23',2992987.584,707704.0373
5192,'Genus sp23',2996402.112,704880.2863
5193,'Genus sp23',2995294.057,709566.7378
5194,'Genus sp23',3085383.127,695269.0538
5195,'Genus sp23',2992830.79,710249.1646
5196,'Genus sp23',3000312.141,709234.2709
5197,'Genus sp23',2871914.501,724670.0223
5198,'Genus sp23',2994456.148,710814.5937
5199,'Genus sp23',3005187.242,711622.7837
5200,'Genus sp23',3012201.057,711270.5479
5201,'Genus sp23',3011285.568,712185.7365
5202,'Genus sp23',3018216.721,709814.1781
5203,'Genus sp23',3018308.18,710225.9848
5204,'Genus sp23',3039509.621,709470.4704
5205,'Genus sp23',2992585.182,714128.5774
5206,'Genus sp23',3353144.699,679607.254
5207,'Genus sp23',3357147.507,686699.0092
5208,'Genus sp23',2995709.527,722492.1223
5209,'Genus sp23',2831359.66,740135.0018
5210,'Genus sp23',2830628.329,735827.8487
5211,'Genus sp23',2831208.212,734011.5344
5212,'Genus sp23',3012517.101,724684.853
5213,'Genus sp23',2998671.411,730210.1359
5214,'Genus sp23',3268479.322,705605.0631
5215,'Genus sp23',3000167.258,731269.62
5216,'Genus sp23',3324037.86,702733.1826
5217,'Genus sp23',2873464.446,742161.7998
5218,'Genus sp23',3008853.094,736794.4124
5219,'Genus sp23',3021571.581,736156.9523
5220,'Genus sp23',3016624.496,729751.929
5221,'Genus sp23',3033734.142,729216.9824
5222,'Genus sp23',3199391.562,715470.4864
5223,'Genus sp23',3226024.526,721732.1988
5224,'Genus sp23',3012352.333,740203.5684
5225,'Genus sp23',3022391.404,745309.723
5226,'Genus sp23',3250898.205,717528.6119
5227,'Genus sp23',2997383.221,744369.961
5228,'Genus sp23',3003071.908,751782.6054
5229,'Genus sp23',2885011.115,760296.9785
5230,'Genus sp23',2888542.242,764798.7676
5231,'Genus sp23',2984878.283,751124.0409
5232,'Genus sp23',3251615.54,723717.9912
5233,'Genus sp23',3323034.887,718790.3297
5234,'Genus sp23',2871398.1,773807.0146
5235,'Genus sp23',2913795.146,707613.9288
5236,'Genus sp23',2908292.377,711293.1014
5237,'Genus sp23',2914709.264,712131.346
5238,'Genus sp23',2913432.559,712731.3283
5239,'Genus sp23',2907780.434,714500.5267
5240,'Genus sp23',2904044.455,722363.2757
5241,'Genus sp23',2920274.853,727625.7443
5242,'Genus sp23',2919664.295,725663.7947
5366,'Genus sp15',3418959.519,739772.4988
5367,'Genus sp15',3231791.616,712716.6177
5368,'Genus sp15',3368004.547,723136.0337
5386,'Genus sp28',2728936.751,767871.9677
5387,'Genus sp28',2736307.602,761313.5149
5388,'Genus sp28',2728064.68,777727.8575
5389,'Genus sp28',2735750.968,775988.7857
5548,'Genus sp5',3374240.369,742123.7712
5549,'Genus sp29',3002296.817,711137.8617
5558,'Genus sp30',3359372.002,716606.0158
5559,'Genus sp1',3358888.936,727280.7437
5560,'Genus sp29',3029448.744,684764.6631
5561,'Genus sp29',2973759.222,689842.3535
5562,'Genus sp29',2979744.265,696214.8842
5563,'Genus sp29',2977354.447,697664.7652
5564,'Genus sp29',2982135.464,691857.4717
5565,'Genus sp29',2980856.867,692774.3539
5566,'Genus sp29',2973521.47,690122.1013
5567,'Genus sp29',2977109.68,698596.3598
5569,'Genus sp29',2990453.357,697373.7995
5570,'Genus sp29',2975734.185,700223.0247
5571,'Genus sp29',3179806,680692.7913
5572,'Genus sp29',3176719.951,686553.3877
5573,'Genus sp29',2915573.607,715815.1422
5574,'Genus sp29',3307675.814,672789.188
5575,'Genus sp29',2893653.102,722864.5759
5576,'Genus sp29',3359162.389,681185.8661
5577,'Genus sp29',3364096.734,679180.6495
5578,'Genus sp29',3292141.831,687200.9564
5579,'Genus sp29',3295284.652,693101.2487
5580,'Genus sp29',3313662.759,696249.2027
5581,'Genus sp29',3337278.021,696954.4706
5582,'Genus sp29',3377037.474,695251.656
5583,'Genus sp29',3360030.479,701262.9144
5584,'Genus sp29',3374280.116,698006.352
5585,'Genus sp29',3383942.576,700603.7545
5586,'Genus sp29',2952014.09,755521.1017
5587,'Genus sp29',3260986.62,724810.8229
5588,'Genus sp29',3368459.63,732252.695
5632,'Genus sp31',2742927.773,776338.5679
5633,'Genus sp31',2741926.686,781559.0543
5634,'Genus sp31',2737077.467,778087.9372
5635,'Genus sp31',2745210.695,780920.1303
5636,'Genus sp31',2737488.832,776691.587
5637,'Genus sp31',2745386.76,778023.7447
5638,'Genus sp31',2743544.884,783314.2964
5639,'Genus sp31',2741335.418,788295.6707
5640,'Genus sp31',2753528.985,796792.3758
5641,'Genus sp31',2758375.68,789154.5284
5642,'Genus sp31',2753512.893,791127.6367
5681,'Genus sp24',3078637.861,748943.6125
5682,'Genus sp24',3126313.194,771557.3423
5683,'Genus sp24',3138691.102,763766.4364
5684,'Genus sp24',3139600.016,763019.4694
5685,'Genus sp24',3110140.878,783330.4244
5692,'Genus sp27',3407070.299,747058.1461
5693,'Genus sp27',2748390.534,792802.7381
5694,'Genus sp27',2757971.804,773847.0915
5695,'Genus sp27',2757608.349,803809.087
5696,'Genus sp27',2747146.89,771480.8021
5697,'Genus sp27',2731041.687,773227.8029
5698,'Genus sp27',2773431.283,787815.615
5699,'Genus sp27',2754470.276,771550.5707
5700,'Genus sp27',2753035.922,802393.6076
5707,'Genus sp11',3369954.813,748023.367
5708,'Genus sp11',3422505.102,730718.9126
5709,'Genus sp11',2946473.935,747550.8506
5710,'Genus sp11',2915077.09,729519.6129
5711,'Genus sp11',3030385.667,726189.4405
5712,'Genus sp11',2922155.595,735384.7934
5713,'Genus sp11',2898589.902,740325.929
5714,'Genus sp11',2923332.677,737049.4625
5715,'Genus sp11',3420055.296,727224.699
5716,'Genus sp11',2766231.825,768822.728
5717,'Genus sp11',2820637.302,782125.2425
5718,'Genus sp11',3207226.755,683014.4921
5726,'Genus sp23',2917129.567,719998.9441
5727,'Genus sp23',3000649.415,710554.661
5728,'Genus sp23',3363129.869,681203.0445
5729,'Genus sp23',3356873.695,685902.0323
5730,'Genus sp23',3261841.219,720436.7869
5749,'Genus sp30',2590180.176,787704.4957
5757,'Genus sp30',2742510.724,780050.7778
5758,'Genus sp30',2744450.485,794478.8512
5759,'Genus sp30',2749151.427,771733.5622
5760,'Genus sp30',2769667.873,778596.0057
5776,'Genus sp26',3295349.453,702888.8824
5777,'Genus sp29',3369380.452,683392.9862
5778,'Genus sp29',3302256.698,702693.9338
5779,'Genus sp29',2983003.452,695240.6098
5780,'Genus sp29',2975378.773,696498.7502
5781,'Genus sp29',2964626.928,689646.1146
5783,'Genus sp26',3356946.156,727000.0599
5784,'Genus sp26',3353833.268,727818.7486
5785,'Genus sp26',3356188.865,736902.886
5792,'Genus sp21',2923288.304,769903.3094
5793,'Genus sp21',2862143.243,798502.6872
5794,'Genus sp21',2919872.996,722116.0704
5803,'Genus sp1',3288844.232,679550.3533
5804,'Genus sp1',3333697.192,698064.1735
5805,'Genus sp1',3402976.992,699666.0453
5808,'Genus sp12',3425918.829,726248.4928
5809,'Genus sp12',2756363.796,807159.5565
5810,'Genus sp12',3390194.486,702659.6461
5811,'Genus sp12',3165824.68,698183.42
5812,'Genus sp12',2995056.778,712112.5265
5813,'Genus sp12',2621813.256,713557.0202
5814,'Genus sp12',2736778.027,771203.304
5815,'Genus sp12',3006811.056,697609.7598
5816,'Genus sp12',2999500.583,712584.9075
5817,'Genus sp12',2999418.125,709148.1247
5818,'Genus sp12',3001983.379,707961.4085
5819,'Genus sp12',2946513.572,764611.3708
5820,'Genus sp30',2589028.057,739365.8804
5821,'Genus sp30',2653403.065,733603.5867
5843,'Genus sp21',2985660.868,781846.2552
5844,'Genus sp27',3403924.392,752432.2645
5845,'Genus sp27',3408706.277,752723.7888
5846,'Genus sp27',3406053.345,756174.2737
5847,'Genus sp27',3405380.821,754245.9003
5848,'Genus sp1',3403403.52,752173.1303
5867,'Genus sp1',3409079.059,750624.3471
5868,'Genus sp27',3408505.708,756060.8789
5869,'Genus sp18',3242920.682,769315.9198
5872,'Genus sp27',3404195.277,749629.4437
5873,'Genus sp27',2766742.364,783587.9025
5874,'Genus sp27',2767789.984,792153.7778
5876,'Genus sp11',3418434.92,742119.3733
5877,'Genus sp11',3409914.398,746992.8681
5878,'Genus sp11',3366429.901,719532.9228
5879,'Genus sp11',3422088.683,737304.6715
5880,'Genus sp11',3422338.817,737859.7327
5881,'Genus sp11',3405523.469,737492.976
5882,'Genus sp11',3144309.998,693238.4816
5883,'Genus sp11',3396070.455,688837.1496
5884,'Genus sp11',3388665.999,701737.2093
5885,'Genus sp18',3238554.631,770367.9616
5889,'Genus sp23',2882050.828,742080.2279
5890,'Genus sp23',3122540.477,681200.3741
5902,'Genus sp15',3418436.425,713240.6316
5903,'Genus sp15',3421364.331,751500.0366
5906,'Genus sp15',3320757.893,726025.1216
5933,'Genus sp21',3130228.504,679705.9287
5935,'Genus sp1',3359063.266,733499.9046
5936,'Genus sp1',3417828.507,727116.6748
5937,'Genus sp1',3346301.966,707295.4682
5938,'Genus sp1',3413611.837,754980.2737
5939,'Genus sp1',3367053.429,727597.8487
5940,'Genus sp1',3362511.848,736549.1818
5941,'Genus sp12',2769915.264,788870.739
5942,'Genus sp12',2989473.002,755354.6462
5943,'Genus sp12',2745701.046,786594.1187
5944,'Genus sp12',2993916.654,748250.1776
5945,'Genus sp30',2661058.484,731054.0106
5946,'Genus sp30',2662656.603,720229.9216
5955,'Genus sp31',2737309.619,781086.4497
5962,'Genus sp12',2738084.756,778674.2858
5968,'Genus sp11',2818866.419,795538.7028
5969,'Genus sp11',3400563.157,692812.2864
5971,'Genus sp21',2918761.083,710112.6641
5974,'Genus sp12',2736042.011,786399.1153
5977,'Genus sp29',3422009.807,704232.9271
5983,'Genus sp23',2916514.743,720623.6461
5984,'Genus sp23',2915011.413,717418.9969
5985,'Genus sp31',2744031.216,786727.2034
5992,'Genus sp11',3398383.291,732936.0133
5995,'Genus sp23',2918035.792,720505.0667
5996,'Genus sp23',2891459.415,732969.0357
6004,'Genus sp10',3298046.831,755271.06
6008,'Genus sp30',2659306.04,734697.6152
6009,'Genus sp30',3069073.092,714701.3443
6010,'Genus sp30',2660863.174,741492.2606
6011,'Genus sp30',2650904.882,736476.4798
6012,'Genus sp30',2535135.55,788374.947
6013,'Genus sp30',2556383.256,770137.6026
6014,'Genus sp30',2564446.557,757541.88
6015,'Genus sp30',2572836.818,758533.3478
6016,'Genus sp30',2590078.705,730214.3248
6017,'Genus sp30',2577887.482,755153.3523
6018,'Genus sp30',2592128.459,728782.4946
6019,'Genus sp30',2589168.294,729731.5723
6020,'Genus sp30',2595102.234,730051.3482
6021,'Genus sp30',2580703.317,757526.8786
6022,'Genus sp30',2605573.637,749137.6742
6023,'Genus sp30',2589420.174,730404.9909
6024,'Genus sp30',2579721.54,751800.0293
6025,'Genus sp30',2574478.163,767860.9136
6026,'Genus sp30',2577748.324,763230.019
6027,'Genus sp30',2593135.466,748936.2279
6028,'Genus sp30',2579930.31,754364.9791
6029,'Genus sp30',2596285.303,748305.1591
6030,'Genus sp30',2581575.116,758857.9456
6031,'Genus sp30',2590359.168,744515.1694
6032,'Genus sp30',2594713.908,750810.7842
6033,'Genus sp30',2581330.974,759694.8128
6034,'Genus sp30',2579012.975,750800.0716
6035,'Genus sp30',2598601.479,748818.7195
6036,'Genus sp30',2581558.445,764327.3899
6037,'Genus sp30',2579264.658,773426.2024
6038,'Genus sp30',2590366.44,742133.3026
6039,'Genus sp30',2578490.764,760364.7186
6040,'Genus sp12',2621175.057,730567.2636
6041,'Genus sp12',2611422.069,726602.8487
6042,'Genus sp12',2618320.218,717805.2806
6043,'Genus sp12',2609240.989,728341.3886
6044,'Genus sp12',2618054.443,726689.8175
6045,'Genus sp12',2588084.782,736190.849
6046,'Genus sp12',2810269.312,778206.9049
6047,'Genus sp12',2738836.567,779007.7715
6048,'Genus sp12',2758039.115,779705.4724
6049,'Genus sp12',2762642.414,820086.4562
6050,'Genus sp12',2764409.757,775776.2707
6051,'Genus sp12',2733678.486,776564.0079
6052,'Genus sp12',3006069.562,693058.854
6053,'Genus sp12',2758583.437,817692.0601
6054,'Genus sp12',2754835.561,807454.1914
6055,'Genus sp12',2768051.804,789331.6571
6056,'Genus sp12',2760792.367,815507.5102
6057,'Genus sp12',2748390.261,785271.2962
6058,'Genus sp12',2763591.755,806740.8954
6059,'Genus sp12',2748659.994,817218.9553
6060,'Genus sp12',2752210.804,801798.2156
6061,'Genus sp12',3014652.809,694539.6589
6062,'Genus sp12',2738122.761,745040.9834
6063,'Genus sp12',2738003.288,784823.8599
6064,'Genus sp12',2757232.379,773877.6759
6065,'Genus sp12',3012955.15,707562.8958
6066,'Genus sp12',2760468.552,810165.9183
6067,'Genus sp12',2996142.83,707307.1998
6068,'Genus sp12',2998070.88,710846.2535
6069,'Genus sp12',2762455.895,775082.7304
6070,'Genus sp12',2755310.887,765670.7105
6071,'Genus sp21',2756406.488,779840.1961
6072,'Genus sp21',2921065.944,794265.8366
6073,'Genus sp21',2915272.84,794311.5149
6074,'Genus sp21',2812670.234,781971.0154
6106,'Genus sp21',2904140.318,709423.0918
6110,'Genus sp27',3410317.557,701953.2317
6111,'Genus sp27',3011398.282,711219.7229
6112,'Genus sp27',3355133.011,761434.7171
6113,'Genus sp27',2758347.491,806830.6907
6114,'Genus sp27',2762037.433,784522.2686
6115,'Genus sp27',2769727.43,782175.8323
6127,'Genus sp31',2746934.652,788465.1376
6129,'Genus sp31',2745501.731,785528.034
6133,'Genus sp29',2972712.609,709548.777
6134,'Genus sp29',2980155.374,695427.9365
6135,'Genus sp29',3365633.849,700361.5953
6136,'Genus sp26',3356953.885,735053.7474
6175,'Genus sp11',2815292.476,785436.1361
6176,'Genus sp11',2922251.544,727338.4105
6177,'Genus sp11',2907672.855,756414.2357
6211,'Genus sp30',2574868.349,758658.8222
6212,'Genus sp30',2593092.624,732848.7314
6213,'Genus sp12',2603923.668,732714.7586
6222,'Genus sp27',2765765.661,802294.732
6224,'Genus sp28',2715493.578,764406.1156
6226,'Genus sp21',2779386.1,740975.5384
6246,'Genus sp15',3310804.781,729901.8458
6255,'Genus sp23',2997258.772,701781.2638
6256,'Genus sp23',2916007.206,714685.9369
6257,'Genus sp23',2990639.114,689975.6607
6258,'Genus sp23',3006271.749,715821.3172
6267,'Genus sp18',2763518.191,802322.7674
6268,'Genus sp18',3239286.016,770317.1673
6269,'Genus sp15',3391542.858,702238.3479
6270,'Genus sp15',3282693.179,716778.753
6271,'Genus sp18',3241755.181,767648.7977
6272,'Genus sp27',3403268.686,749629.5497
6273,'Genus sp27',2759305.578,807645.643
6274,'Genus sp27',2761400.568,784724.3121
6275,'Genus sp27',2764775.543,785525.3126
6276,'Genus sp23',3001133.597,751386.0378
6277,'Genus sp23',3024334.621,712955.5054
6278,'Genus sp29',3297533.254,688246.0971
6280,'Genus sp24',3144406.659,764051.9565
6295,'Genus sp27',3411321.189,702742.8586
6302,'Genus sp12',2759100.539,797329.789
6303,'Genus sp12',2763595.671,787908.8971
6304,'Genus sp12',2758718.355,806619.5916
6306,'Genus sp12',2739795.244,784223.5866
6307,'Genus sp23',3012898.891,733782.7525
6310,'Genus sp18',3241774.948,765770.951
6312,'Genus sp27',2764397.695,781117.4505
6313,'Genus sp12',2743731.013,786483.4318
6314,'Genus sp11',3037869.195,696293.1796
6317,'Genus sp27',2770831.274,788210.0582
6319,'Genus sp31',2739274.852,787872.5299
6320,'Genus sp31',2743279.176,784234.5056
6321,'Genus sp31',2745940.442,779892.2441
6322,'Genus sp30',2767979.263,785793.668
6327,'Genus sp11',2677376.159,672928.072
6333,'Genus sp11',2826481.164,638938.1425
6334,'Genus sp11',2996421.181,648317.7443
6338,'Genus sp1',3003345.651,648895.9813
6339,'Genus sp23',2977718.707,654177.9124
6340,'Genus sp23',2898977.269,659703.186
6341,'Genus sp23',2962143.087,651015.313
6342,'Genus sp23',3025922.475,652045.9295
6343,'Genus sp23',3087172.578,661140.0875
6344,'Genus sp23',3081007.021,656409.0808
6345,'Genus sp23',3087285.982,668052.997
6346,'Genus sp23',3087846.135,664355.9412
6347,'Genus sp23',3000616.733,671896.2143
6348,'Genus sp23',3015724.062,676394.3714
6349,'Genus sp23',3063379.529,670384.9532
6350,'Genus sp23',3015041.454,675182.4473
6351,'Genus sp23',3063906.024,673854.6729
6352,'Genus sp23',3096666.206,670829.0608
6353,'Genus sp23',3087987.219,675521.4462
6354,'Genus sp23',3034511.541,686898.5625
6355,'Genus sp23',3011829.737,687361.8848
6356,'Genus sp23',3027147.471,685493.6359
6460,'Genus sp29',3128651.25,627560.7732
6461,'Genus sp29',3126897.619,624342.204
6462,'Genus sp29',2993446.515,669992.8036
6463,'Genus sp29',2991411.027,670215.9567
6464,'Genus sp29',2990255.028,670794.5158
6465,'Genus sp29',2988915.387,666829.4096
6466,'Genus sp29',3139000.484,665510.6736
6467,'Genus sp29',3024024.125,680214.5981
6468,'Genus sp29',3014773.247,682014.7184
6469,'Genus sp29',3028885.74,684689.0178
6470,'Genus sp30',2991708.586,665951.7446
6471,'Genus sp30',2735200.29,696384.5811
6477,'Genus sp11',3074824.1,601197.7427
6478,'Genus sp11',2781848.312,647078.2257
6488,'Genus sp29',2985954.704,673055.4478
6497,'Genus sp12',3031219.158,652160.192
6498,'Genus sp12',2643117.857,702085.1789
6499,'Genus sp12',2652533.868,700847.8814
6500,'Genus sp30',2812069.661,652551.2532
6501,'Genus sp30',3078414.135,606499.0822
6502,'Genus sp30',3015478.348,678318.3812
6503,'Genus sp30',2983650.029,671245.3063
6504,'Genus sp30',2793311.573,636246.2807
6505,'Genus sp30',2663289.384,685995.0776
6506,'Genus sp30',2659416.397,701778.2711
6507,'Genus sp30',2985236.524,670408.1196
6508,'Genus sp30',2984891.362,670416.4478
6509,'Genus sp30',2986891.784,675520.1253
6520,'Genus sp11',2847624.64,639190.0821
6527,'Genus sp30',2673766.717,668126.4631
6528,'Genus sp30',2860811.673,650236.4187
6529,'Genus sp30',2674358.996,664592.2286
6530,'Genus sp30',2677946.9,670911.3654
6534,'Genus sp30',2648098.46,698004.8476
6535,'Genus sp30',2621376.307,712987.0048
6536,'Genus sp30',2656149.728,717892.4739
6537,'Genus sp30',2865564.774,631037.9715
6538,'Genus sp30',2818816.064,659027.6982
6539,'Genus sp30',2678678.102,695081.7864
6540,'Genus sp30',2988415.677,674195.9601
6541,'Genus sp30',2988451.013,675378.0534
6542,'Genus sp30',2682116.701,685418.4693
6543,'Genus sp30',2611394.473,713770.6276
6544,'Genus sp30',2604697.27,707530.2806
6545,'Genus sp30',2600947.121,716064.7751
6546,'Genus sp30',2605164.074,712791.4504
6547,'Genus sp30',2592993.88,706544.3896
6548,'Genus sp30',2613834.425,712822.6993
6549,'Genus sp30',2596391.805,710527.0767
6550,'Genus sp30',2591718.787,707258.2995
6551,'Genus sp12',2619785.623,712806.4478
6552,'Genus sp12',2617469.31,709591.7946
6553,'Genus sp12',3128553.655,677366.6063
6554,'Genus sp12',2653975.719,701633.0702
6555,'Genus sp12',3027077.552,652556.1052
6556,'Genus sp12',2648493.162,690395.3091
6557,'Genus sp12',2629823.078,714461.2502
6558,'Genus sp12',2908528.22,657098.111
6559,'Genus sp12',2620731.306,712033.8101
6564,'Genus sp29',3106026.607,635902.4784
6573,'Genus sp11',2907272.816,655695.1983
6574,'Genus sp11',3057326.068,590524.0869
6575,'Genus sp11',3123115.076,669818.8173
6576,'Genus sp11',2833248.233,623747.7683
6585,'Genus sp30',2984436.97,673706.6655
6594,'Genus sp11',3102150.68,674135.9199
6595,'Genus sp11',3096014.998,673253.3354
6596,'Genus sp23',3097952.954,675297.6941
6597,'Genus sp23',3104649.489,673814.3133
6600,'Genus sp30',2981062.227,666068.8832
6601,'Genus sp12',2904118.52,653734.8267
6606,'Genus sp30',2849908.477,648889.9069
6607,'Genus sp30',2675977.535,662405.7381
6608,'Genus sp23',3208319.378,464112.7287
6615,'Genus sp23',3200377.987,461830.7701
6617,'Genus sp30',3080569.655,556359.0496
6624,'Genus sp11',3085443.945,566440.7746
6625,'Genus sp11',3157211.172,510743.2859
6627,'Genus sp11',3166491.805,508202.2981
6631,'Genus sp23',3232653.291,333626.1961
6632,'Genus sp23',3227114.661,326473.0272
6641,'Genus sp30',3208605.882,357797.2306
6644,'Genus sp11',3236936.971,437954.9547
6645,'Genus sp11',2918642.854,365880.6444
6648,'Genus sp23',3213778.693,440060.1054
6649,'Genus sp23',3231633.306,332680.0302
6650,'Genus sp30',3228738.03,390136.998
6651,'Genus sp30',3207590.887,355543.8724
6654,'Genus sp11',3191408.567,333144.8122
6655,'Genus sp11',2986100.771,352998.8226
6661,'Genus sp11',2994388.951,354048.6789
6662,'Genus sp30',3213178.622,391537.3391
6663,'Genus sp11',2994232.451,357235.479
6664,'Genus sp11',3231726.203,435481.8947
6665,'Genus sp23',3121189.05,285058.0681
6666,'Genus sp23',3098462.429,293955.7778
6667,'Genus sp23',3138539.016,296773.5912
6668,'Genus sp23',3223259.047,287669.5506
6669,'Genus sp23',3126380.755,309967.4264
6670,'Genus sp23',3086019.388,324167.436
6671,'Genus sp23',3083047.955,325408.5362
6672,'Genus sp23',3228275.169,322740.6639
6682,'Genus sp29',3152260.5,334194.5263
6683,'Genus sp11',3193670.072,306373.9048
6685,'Genus sp23',3056495.078,289280.1292
6699,'Genus sp21',3209492.575,222232.3008
6700,'Genus sp30',3099709.231,327980.8938
6701,'Genus sp30',3094857.629,328088.7366
6702,'Genus sp11',3082307.212,328102.7543
6707,'Genus sp23',3110716.3,323880.5577
6708,'Genus sp23',3215228.757,230603.0736
6709,'Genus sp30',3091330.728,311201.2048
6710,'Genus sp23',2951310.616,288656.0391
6711,'Genus sp30',3140780.23,300619.1828
6718,'Genus sp11',2994936.89,336651.8169
6719,'Genus sp11',3214371.66,226206.3196
6720,'Genus sp30',3169667.829,246781.7054
6721,'Genus sp30',3094278.132,326767.3425
6722,'Genus sp30',3139409.18,284835.0078
6725,'Genus sp23',3152129.003,234969.9523
6726,'Genus sp30',3094703.536,312251.0804
6727,'Genus sp29',3154386.497,331674.5173
6728,'Genus sp11',3212349.824,219518.1386
6731,'Genus sp23',3111807.103,118412.206
6732,'Genus sp23',3111322.26,123144.7929
6733,'Genus sp23',3113325.062,120155.4883
6734,'Genus sp23',3118973.95,119132.1112
6735,'Genus sp23',3122284.779,125497.0528
6736,'Genus sp23',3124664.863,126927.7064
6737,'Genus sp23',3214172.269,194437.6088
6738,'Genus sp30',3211801.216,197744.3747
6739,'Genus sp23',3168721.739,215077.9194
6750,'Genus sp21',3134741.192,210359.1253
6751,'Genus sp11',3171784.059,107032.8007
6752,'Genus sp11',3157282.84,124733.0717
6753,'Genus sp11',3163038.653,129672.4607
6754,'Genus sp11',3120367.736,131461.9584
6755,'Genus sp23',3021702.203,228189.3878
6756,'Genus sp23',3084242.741,154274.4518
6757,'Genus sp23',3082164.393,156533.046
6758,'Genus sp23',3191145.945,198271.4813
6759,'Genus sp23',3161082.63,128979.2208
6767,'Genus sp21',3116897.336,127730.9717
6768,'Genus sp21',3121005.229,129514.5359
6769,'Genus sp30',3160074.244,120577.5665
6772,'Genus sp11',3206855.244,189958.0146
6777,'Genus sp30',3210942.704,199795.9416
6778,'Genus sp21',3134598.889,107117.2984
6779,'Genus sp21',3131273.343,121865.7487
6781,'Genus sp11',3173448.916,103567.7645
6782,'Genus sp11',3170710.567,219239.1815
6783,'Genus sp11',3132979.948,112420.6494
6784,'Genus sp30',3034168.838,122701.3505
6786,'Genus sp21',3125857.353,128319.2978
6787,'Genus sp23',3123478.731,131438.6307
6788,'Genus sp23',3132156.535,115965.2731
6789,'Genus sp23',3122780.484,125130.0625
6790,'Genus sp11',3065329.005,152593.2413
6791,'Genus sp30',3208970.031,196803.5132
6797,'Genus sp23',3083351.704,63126.21857
6798,'Genus sp23',3082083.004,63982.23616
6799,'Genus sp23',3085636.917,66810.94521
6800,'Genus sp23',3089145.853,61878.42582
6801,'Genus sp23',3081121.896,59483.5448
6802,'Genus sp23',3162645.078,90634.38813
6803,'Genus sp23',3163801.888,84968.04777
6816,'Genus sp11',3161011.017,91930.26873
6817,'Genus sp11',2996188.307,88737.21139
6819,'Genus sp23',3160455.023,91713.31749
6820,'Genus sp23',3090993.059,77950.44446
6821,'Genus sp23',3093837.943,108447.2166
6822,'Genus sp23',3083607.57,61232.64767
6827,'Genus sp30',3171762.16,69014.47025
6828,'Genus sp21',3117459.609,112224.9934
6829,'Genus sp11',3080099.517,40614.47671
6830,'Genus sp23',3172193.117,92340.99534
6832,'Genus sp11',3170311.813,89598.31442
